gene	protein_change	hla_allele	peptide	mhc_class	validated_immunogenic	source_pmid
KRAS	G12V	HLA-A*11:01	VVVGAVGVGK	I	true	27240091
KRAS	G12V	HLA-A*03:01	VVVGAVGVGK	I	true	27240091
KRAS	G12V	HLA-C*08:02	GAVGVGKSV	I	true	31578347
KRAS	G12D	HLA-A*11:01	VVVGADGVGK	I	true	27240091
KRAS	G12D	HLA-C*08:02	GADGVGKSA	I	true	31578347
KRAS	G12D	HLA-A*03:01	VVVGADGVGK	I	true	27240091
KRAS	G12R	HLA-A*11:01	VVVGARGVGK	I	true	27240091
KRAS	G12C	HLA-A*02:01	KLVVVGACGV	I	true	35135211
TP53	R175H	HLA-A*02:01	HMTEVVRHC	I	true	26457759
TP53	R248W	HLA-A*02:01	GMNWRPILTI	I	true	26457759
TP53	Y220C	HLA-A*02:01	CPCATEQLDS	I	false	26457759
IDH1	R132H	HLA-A*02:01	GWVKPIIIGH	I	true	25175327
IDH1	R132H	HLA-B*07:02	RPIIIGHHAS	I	true	25175327
BRAF	V600E	HLA-A*02:01	KIGDFGLATEKSRWSGSHQF	II	true	32661416
BRAF	V600E	HLA-A*02:01	LATEKSRWSG	I	true	29301965
PIK3CA	H1047R	HLA-A*03:01	STRDPLSEITK	I	true	31537801
PIK3CA	E545K	HLA-A*03:01	STRDPLSEITK	I	false	31537801
EGFR	L858R	HLA-A*02:01	KITDFGRAKL	I	true	28274957
EGFR	T790M	HLA-A*02:01	IMQLMPFGCL	I	true	28274957
